1,41.891009999999994,-87.67198,new_bars
2,41.888,-87.62257,new_bars
3,41.89,-87.62144,new_bars
4,41.88603,-87.62217,new_bars
5,41.88054,-87.63459,new_bars
6,41.88583,-87.62614,new_bars
7,41.91729,-87.70655,new_bars
8,41.88583,-87.62614,new_bars
9,41.88583,-87.62614,new_bars
10,41.88583,-87.62614,new_bars
11,41.88583,-87.62614,new_bars
12,41.88583,-87.62614,new_bars
13,41.94231,-87.64432,new_bars
14,41.89327,-87.62147,new_bars
15,41.88583,-87.62614,new_bars
16,41.90935,-87.67729,new_bars
17,41.88583,-87.62614,new_bars
18,41.884240000000005,-87.65053,new_bars
19,41.88583,-87.62614,new_bars
20,41.88054,-87.63459,new_bars
21,41.89327,-87.62147,new_bars
22,41.884240000000005,-87.65053,new_bars
23,41.88583,-87.62614,new_bars
24,41.8728,-87.62434,new_bars
25,41.90742,-87.67307,new_bars
26,41.88583,-87.62614,new_bars
27,41.89674,-87.63183000000001,new_bars
28,41.891690000000004,-87.62044,new_bars
29,41.90907,-87.79979,new_bars
30,41.88332,-87.65866,new_bars
31,41.896409999999996,-87.63109,new_bars
32,41.89464,-87.63727,new_bars
33,41.88007,-87.62451,new_bars
34,41.90213,-87.6285,new_bars
35,41.910140000000006,-87.67688000000001,new_bars
36,41.90335,-87.67381,new_bars
37,41.94235,-87.6884,new_bars
38,41.88583,-87.62614,new_bars
39,41.86776,-87.62425999999999,new_bars
40,41.88904,-87.65209,new_bars
41,41.89097,-87.61635,new_bars
42,41.90663,-87.67138,new_bars
43,41.95276,-87.74745,new_bars
44,41.88743,-87.68185,new_bars
45,41.89097,-87.61635,new_bars
46,41.88153,-87.62634,new_bars
47,41.8919,-87.62402,new_bars
48,41.88904,-87.65209,new_bars
49,41.878040000000006,-87.64818000000001,new_bars
50,41.89097,-87.61635,new_bars
51,41.86922,-87.66249,new_bars
52,41.925270000000005,-87.65349,new_bars
53,41.88649,-87.66686,new_bars
54,41.949220000000004,-87.64966,new_bars
55,41.9004,-87.68681,new_bars
56,41.91137,-87.62625,new_bars
57,41.892379999999996,-87.65773,new_bars
58,41.87657,-87.63296,new_bars
59,41.89313,-87.63056,new_bars
60,41.88912,-87.61775,new_bars
61,41.88971,-87.67142,new_bars
62,41.8802,-87.76019000000001,new_bars
63,41.8918,-87.62649,new_bars
64,41.89022,-87.61946,new_bars
65,41.87278,-87.63077,new_bars
66,41.93347,-87.6456,new_bars
67,41.89022,-87.61946,new_bars
68,41.923790000000004,-87.69856999999999,new_bars
69,41.93091,-87.6491,new_bars
70,41.936040000000006,-87.65383,new_bars
71,41.89022,-87.61946,new_bars
72,41.89022,-87.61946,new_bars
73,41.89022,-87.61946,new_bars
74,41.88935,-87.62885,new_bars
75,41.884809999999995,-87.63554,new_bars
76,41.881820000000005,-87.64721,new_bars
77,41.89022,-87.61946,new_bars
78,41.88912,-87.61775,new_bars
79,41.891009999999994,-87.67198,new_bars
80,41.88332,-87.65866,new_bars
81,41.88081,-87.62093,new_bars
82,41.881240000000005,-87.67428000000001,new_bars
83,41.91061,-87.66112,new_bars
84,41.93931,-87.71874,new_bars
85,41.88081,-87.63093,new_bars
86,41.88494,-87.6426,new_bars
87,41.88935,-87.62885,new_bars
88,41.894090000000006,-87.6204,new_bars
89,41.88635,-87.63261,new_bars
90,41.88635,-87.63261,new_bars
91,41.884809999999995,-87.63554,new_bars
92,41.8692,-87.66355,new_bars
93,41.88635,-87.63261,new_bars
94,41.8692,-87.66355,new_bars
95,41.87678,-87.63384,new_bars
96,41.88635,-87.63261,new_bars
97,41.88494,-87.6426,new_bars
98,41.94482,-87.64927,new_bars
99,41.8692,-87.66355,new_bars
100,41.87678,-87.63384,new_bars
101,41.894090000000006,-87.6204,new_bars
102,41.88332,-87.65866,new_bars
103,41.881240000000005,-87.67428000000001,new_bars
104,41.91191,-87.67735,new_bars
105,41.87345,-87.64401,new_bars
106,41.88332,-87.65866,new_bars
107,41.881240000000005,-87.67428000000001,new_bars
108,41.87822,-87.62082,new_bars
109,41.9099,-87.65276999999999,new_bars
110,41.9481,-87.65706999999999,new_bars
111,41.87193,-87.64395999999999,new_bars
112,41.944309999999994,-87.70525,new_bars
113,41.944309999999994,-87.70525,new_bars
114,41.944309999999994,-87.70525,new_bars
115,41.894709999999996,-87.63242,new_bars
116,41.89042,-87.62397,new_bars
117,41.87343,-87.66643,new_bars
118,41.87343,-87.66643,new_bars
119,41.8919,-87.62402,new_bars
120,41.927440000000004,-87.69763,new_bars
121,41.87343,-87.66643,new_bars
122,41.894709999999996,-87.63242,new_bars
123,41.88422,-87.65169,new_bars
124,41.94003,-87.64941999999999,new_bars
125,41.88081,-87.63093,new_bars
126,41.89097,-87.61635,new_bars
127,41.87343,-87.66643,new_bars
128,41.9345,-87.65378,new_bars
129,41.89917,-87.69673,new_bars
130,41.92687,-87.65097,new_bars
131,41.9345,-87.65378,new_bars
132,41.886959999999995,-87.67203,new_bars
133,41.89237,-87.62733,new_bars
134,41.882540000000006,-87.62453000000001,new_bars
135,41.94003,-87.64941999999999,new_bars
136,41.89629,-87.6483,new_bars
137,41.876979999999996,-87.65715,new_bars
138,41.876979999999996,-87.65715,new_bars
139,41.94003,-87.64941999999999,new_bars
140,41.876979999999996,-87.65715,new_bars
141,41.88081,-87.63093,new_bars
142,41.88422,-87.65169,new_bars
143,41.8728,-87.62434,new_bars
144,41.89215,-87.70186,new_bars
145,41.87666,-87.64735,new_bars
146,41.87695,-87.64706,new_bars
147,41.94,-87.65426,new_bars
148,41.94,-87.65426,new_bars
149,41.94,-87.65426,new_bars
150,41.94,-87.65426,new_bars
151,41.94,-87.65426,new_bars
152,41.88342,-87.62801999999999,new_bars
153,41.94376,-87.66407,new_bars
154,41.9175,-87.70194000000001,new_bars
155,41.9033,-87.67738,new_bars
156,41.94709,-87.65664,new_bars
157,41.904740000000004,-87.7018,new_bars
158,41.89229,-87.60678,new_bars
159,41.88332,-87.65866,new_bars
160,41.91122,-87.62648,new_bars
161,41.88086,-87.61764000000001,new_bars
162,41.9112,-87.63486,new_bars
163,41.90719,-87.67752,new_bars
164,41.9112,-87.63486,new_bars
165,41.91469,-87.63663000000001,new_bars
166,41.9112,-87.63486,new_bars
167,41.9112,-87.63486,new_bars
168,41.9112,-87.63486,new_bars
169,41.884170000000005,-87.62225,new_bars
170,41.9112,-87.63486,new_bars
171,41.9112,-87.63486,new_bars
172,41.9112,-87.63486,new_bars
173,41.887809999999995,-87.61788,new_bars
174,41.92869,-87.65352,new_bars
175,41.92869,-87.65352,new_bars
176,41.92869,-87.65352,new_bars
177,41.88695,-87.62987,new_bars
178,41.88695,-87.62836999999999,new_bars
179,41.90142,-87.66709,new_bars
180,41.875890000000005,-87.63188000000001,new_bars
181,41.8818,-87.6245,new_bars
182,41.875890000000005,-87.63188000000001,new_bars
183,41.8818,-87.6245,new_bars
184,41.88583,-87.62614,new_bars
185,41.8818,-87.6245,new_bars
186,41.89594,-87.61854,new_bars
187,41.8818,-87.6245,new_bars
188,41.927440000000004,-87.69763,new_bars
189,41.881240000000005,-87.62604,new_bars
190,41.86631,-87.61027,new_bars
191,41.91717,-87.6362,new_bars
192,41.9012,-87.62756,new_bars
193,41.91787,-87.6774,new_bars
194,41.89459,-87.63551,new_bars
195,41.92127,-87.64876,new_bars
196,41.89042,-87.62397,new_bars
197,41.8818,-87.6245,new_bars
198,41.92674,-87.65079,new_bars
199,41.8818,-87.6245,new_bars
200,41.88692,-87.62528,new_bars
201,41.89225,-87.60951999999999,new_bars
202,41.8818,-87.6245,new_bars
203,41.8845,-87.64829,new_bars
204,41.8818,-87.6245,new_bars
205,41.8818,-87.6245,new_bars
206,41.89594,-87.61854,new_bars
207,41.93288,-87.64627,new_bars
208,41.9474,-87.64964,new_bars
209,41.9474,-87.64964,new_bars
210,41.9474,-87.64964,new_bars
211,41.9474,-87.64964,new_bars
212,41.9474,-87.64964,new_bars
213,41.9474,-87.64964,new_bars
214,41.884479999999996,-87.64983000000001,new_bars
215,41.9474,-87.64964,new_bars
216,41.9474,-87.64964,new_bars
217,41.88912,-87.61775,new_bars
218,41.88332,-87.65866,new_bars
219,41.88332,-87.65866,new_bars
220,41.88332,-87.62978000000001,new_bars
221,41.91122,-87.62648,new_bars
222,41.91429,-87.66282,new_bars
223,41.881240000000005,-87.67428000000001,new_bars
224,41.92827,-87.70586,new_bars
225,41.88666,-87.66438000000001,new_bars
226,41.902770000000004,-87.70224,new_bars
227,41.88332,-87.65866,new_bars
228,41.92391,-87.69923,new_bars
229,41.88601,-87.62083,new_bars
230,41.88332,-87.65866,new_bars
231,41.89926,-87.62783,new_bars
232,41.89926,-87.62783,new_bars
233,41.91122,-87.62648,new_bars
234,41.867059999999995,-87.62429,new_bars
235,41.93202,-87.69216999999999,new_bars
236,41.8845,-87.64867,new_bars
237,41.93202,-87.69216999999999,new_bars
238,41.90988,-87.71675,new_bars
239,41.94986,-87.66395,new_bars
240,41.92705,-87.66835999999999,new_bars
241,41.88265,-87.63547,new_bars
242,41.8845,-87.64829,new_bars
243,41.949090000000005,-87.66393000000001,new_bars
244,41.922670000000004,-87.71686,new_bars
245,41.8845,-87.64867,new_bars
246,41.922670000000004,-87.71686,new_bars
247,41.867059999999995,-87.62429,new_bars
248,41.8845,-87.64867,new_bars
249,41.92758,-87.65153000000001,new_bars
250,41.88265,-87.63547,new_bars
251,41.89917,-87.69673,new_bars
252,41.88743,-87.68185,new_bars
253,41.89121,-87.61504000000001,new_bars
254,41.92875,-87.73828,new_bars
255,41.88471,-87.66428,new_bars
256,41.89137,-87.6428,new_bars
257,41.87571,-87.62074,new_bars
258,41.89983,-87.6278,new_bars
259,41.91491,-87.63376,new_bars
260,41.88422,-87.61934000000001,new_bars
261,41.88516,-87.62778,new_bars
262,41.90571,-87.66993000000001,new_bars
263,41.90571,-87.66993000000001,new_bars
264,41.90571,-87.66993000000001,new_bars
265,41.92544,-87.64895,new_bars
266,41.91122,-87.62648,new_bars
267,41.88332,-87.65866,new_bars
268,41.87657,-87.63296,new_bars
269,41.905879999999996,-87.67067,new_bars
270,41.87571,-87.62074,new_bars
271,41.881240000000005,-87.67428000000001,new_bars
272,41.91122,-87.62648,new_bars
273,41.94003,-87.64941999999999,new_bars
274,41.94003,-87.64941999999999,new_bars
275,41.94003,-87.64941999999999,new_bars
276,41.94003,-87.64941999999999,new_bars
277,41.94003,-87.64941999999999,new_bars
278,41.94003,-87.64941999999999,new_bars
279,41.94003,-87.64941999999999,new_bars
280,41.94003,-87.64941999999999,new_bars
281,41.94003,-87.64941999999999,new_bars
282,41.94003,-87.64941999999999,new_bars
283,41.94003,-87.64941999999999,new_bars
284,41.94003,-87.64941999999999,new_bars
285,41.876979999999996,-87.65715,new_bars
286,41.94003,-87.64941999999999,new_bars
287,41.94003,-87.64941999999999,new_bars
288,41.94003,-87.64941999999999,new_bars
289,41.94003,-87.64941999999999,new_bars
290,41.94035,-87.72707,new_bars
291,41.8882,-87.62097,new_bars
292,41.92729,-87.70425999999999,new_bars
293,41.93976,-87.6571,new_bars
294,41.9032,-87.6698,new_bars
295,41.894090000000006,-87.6204,new_bars
296,41.88081,-87.63093,new_bars
297,41.894059999999996,-87.63725,new_bars
298,41.92788,-87.70693,new_bars
299,41.87822,-87.63425,new_bars
300,41.9236,-87.69870999999999,new_bars
301,41.91003,-87.63453,new_bars
302,41.89237,-87.62733,new_bars
303,41.894090000000006,-87.6204,new_bars
304,41.88071,-87.73644,new_bars
305,41.895070000000004,-87.62303,new_bars
306,41.90974,-87.67669000000001,new_bars
307,41.91095,-87.63485,new_bars
308,41.894090000000006,-87.6204,new_bars
309,41.88071,-87.73644,new_bars
310,41.889829999999996,-87.63750999999999,new_bars
311,41.889829999999996,-87.63750999999999,new_bars
312,41.93976,-87.6571,new_bars
313,41.91095,-87.63485,new_bars
314,41.94376,-87.66407,new_bars
315,41.88698,-87.63543,new_bars
316,41.88332,-87.65866,new_bars
317,41.91137,-87.62625,new_bars
318,41.86937,-87.66653000000001,new_bars
319,41.86937,-87.66653000000001,new_bars
320,41.86937,-87.66653000000001,new_bars
321,41.86952,-87.65682,new_bars
322,41.92625,-87.63104,new_bars
323,41.88515,-87.62807,new_bars
324,41.88332,-87.62978000000001,new_bars
325,41.92391,-87.69923,new_bars
326,41.91429,-87.66282,new_bars
327,41.91222,-87.70208000000001,new_bars
328,41.87695,-87.64706,new_bars
329,41.87695,-87.64706,new_bars
330,41.87695,-87.64706,new_bars
331,41.87695,-87.64706,new_bars
332,41.87695,-87.64706,new_bars
333,41.87695,-87.64706,new_bars
334,41.87695,-87.64706,new_bars
335,41.89669,-87.63512,new_bars
336,41.908,-87.64805,new_bars
337,41.90075,-87.62423000000001,new_bars
338,41.881240000000005,-87.67428000000001,new_bars
339,41.90343,-87.65809,new_bars
340,41.88471,-87.66428,new_bars
341,41.88077,-87.62448,new_bars
342,41.89179,-87.69,new_bars
343,41.93715,-87.65902,new_bars
344,41.87827,-87.62082,new_bars
345,41.943329999999996,-87.67851,new_bars
346,41.87438,-87.62409,new_bars
347,41.90344,-87.66879,new_bars
348,41.88332,-87.65866,new_bars
349,41.88332,-87.62978000000001,new_bars
350,41.88197,-87.64128000000001,new_bars
351,41.88919,-87.62819,new_bars
352,41.89209,-87.61157,new_bars
353,41.9199,-87.66181,new_bars
354,41.892590000000006,-87.6276,new_bars
355,41.89159,-87.62586999999999,new_bars
356,41.88165,-87.63221,new_bars
357,41.88429,-87.66128,new_bars
358,41.908559999999994,-87.64645,new_bars
359,41.89209,-87.61157,new_bars
360,41.88165,-87.63221,new_bars
361,41.908559999999994,-87.64645,new_bars
362,41.95224,-87.6778,new_bars
363,41.89992,-87.73868,new_bars
364,41.90815,-87.67375,new_bars
365,41.908559999999994,-87.64645,new_bars
366,41.89108,-87.6221,new_bars
367,41.908559999999994,-87.64645,new_bars
368,41.92857,-87.69758,new_bars
369,41.881240000000005,-87.67428000000001,new_bars
370,41.943459999999995,-87.66407,new_bars
371,41.92625,-87.63104,new_bars
372,41.884170000000005,-87.62225,new_bars
373,41.88692,-87.67447,new_bars
374,41.891009999999994,-87.67198,new_bars
375,41.946909999999995,-87.68318000000001,new_bars
376,41.92284,-87.69749,new_bars
377,41.92625,-87.63104,new_bars
378,41.88667,-87.64926,new_bars
379,41.92625,-87.63104,new_bars
380,41.88332,-87.65866,new_bars
381,41.881240000000005,-87.67428000000001,new_bars
382,41.88912,-87.61775,new_bars
383,41.888009999999994,-87.65205999999999,new_bars
384,41.89313,-87.63056,new_bars
385,41.88453,-87.6246,new_bars
386,41.88898,-87.66411,new_bars
387,41.88422,-87.61934000000001,new_bars
388,41.90931,-87.6475,new_bars
389,41.90931,-87.6475,new_bars
390,41.90879,-87.66779,new_bars
391,41.88342,-87.62801999999999,new_bars
392,41.894059999999996,-87.63725,new_bars
393,41.89094,-87.61754,new_bars
394,41.908559999999994,-87.64645,new_bars
395,41.89464,-87.6226,new_bars
396,41.908559999999994,-87.64645,new_bars
397,41.9426,-87.64921,new_bars
398,41.88179,-87.65297,new_bars
399,41.9059,-87.63019,new_bars
400,41.90931,-87.6475,new_bars
401,41.889140000000005,-87.62843000000001,new_bars
402,41.94777,-87.69504,new_bars
403,41.91737,-87.69847,new_bars
404,41.90347,-87.63011999999999,new_bars
405,41.89464,-87.6226,new_bars
406,41.87216,-87.63076,new_bars
407,41.88342,-87.62801999999999,new_bars
408,41.88081,-87.63093,new_bars
409,41.892590000000006,-87.6276,new_bars
410,41.90931,-87.6475,new_bars
411,41.94484,-87.6641,new_bars
412,41.940290000000005,-87.65397,new_bars
413,41.90997,-87.63453,new_bars
414,41.94574,-87.65550999999999,new_bars
415,41.889140000000005,-87.62843000000001,new_bars
416,41.892590000000006,-87.6276,new_bars
417,41.9059,-87.63019,new_bars
418,41.944829999999996,-87.64589000000001,new_bars
419,41.88685,-87.65223,new_bars
420,41.89464,-87.6226,new_bars
421,41.892590000000006,-87.6276,new_bars
422,41.88179,-87.65297,new_bars
423,41.90931,-87.6475,new_bars
424,41.869640000000004,-87.6399,new_bars
425,41.89881,-87.67699,new_bars
426,41.89669,-87.63512,new_bars
427,41.88332,-87.65866,new_bars
428,41.94376,-87.66407,new_bars
429,41.88332,-87.65866,new_bars
430,41.94003,-87.64941999999999,new_bars
431,41.88332,-87.65866,new_bars
432,41.88332,-87.65866,new_bars
433,41.88197,-87.64128000000001,new_bars
434,41.92454,-87.71295,new_bars
435,41.91641,-87.68655,new_bars
436,41.944790000000005,-87.70636999999999,new_bars
437,41.91219,-87.6267,new_bars
438,41.89096,-87.6342,new_bars
439,41.89121,-87.65547,new_bars
440,41.925940000000004,-87.64966,new_bars
441,41.908559999999994,-87.64645,new_bars
442,41.908559999999994,-87.64645,new_bars
443,41.9103,-87.64888,new_bars
444,41.90367,-87.63013000000001,new_bars
445,41.90416,-87.63434000000001,new_bars
446,41.908559999999994,-87.64645,new_bars
447,41.88666,-87.64934000000001,new_bars
448,41.88411,-87.63258,new_bars
449,41.91029,-87.6771,new_bars
450,41.8912,-87.65689,new_bars
451,41.892720000000004,-87.61939,new_bars
452,41.88342,-87.62801999999999,new_bars
453,41.93272,-87.65873,new_bars
454,41.91737,-87.69825,new_bars
455,41.908559999999994,-87.64645,new_bars
456,41.87672,-87.63471,new_bars
457,41.88455,-87.63968,new_bars
458,41.90416,-87.63434000000001,new_bars
459,41.89096,-87.6342,new_bars
460,41.908559999999994,-87.64645,new_bars
461,41.908559999999994,-87.64645,new_bars
462,41.90302,-87.68073000000001,new_bars
463,41.8958,-87.67699,new_bars
464,41.86826,-87.62599,new_bars
465,41.88332,-87.65866,new_bars
466,41.886959999999995,-87.67203,new_bars
467,41.891009999999994,-87.67198,new_bars
468,41.927279999999996,-87.63465,new_bars
469,41.888009999999994,-87.65205999999999,new_bars
470,41.95203,-87.67711,new_bars
471,41.86698,-87.65108000000001,new_bars
472,41.93272,-87.64325,new_bars
473,41.88342,-87.62801999999999,new_bars
474,41.89604,-87.66219,new_bars
475,41.91775,-87.64864,new_bars
476,41.93988,-87.66334,new_bars
477,41.93272,-87.65873,new_bars
478,41.89983,-87.6278,new_bars
479,41.925940000000004,-87.64966,new_bars
480,41.91775,-87.64864,new_bars
481,41.88153,-87.62634,new_bars
482,41.94477,-87.65411,new_bars
483,41.89611,-87.67144,new_bars
484,41.88342,-87.62801999999999,new_bars
485,41.9475,-87.69503,new_bars
486,41.88332,-87.62978000000001,new_bars
487,41.92405,-87.68259,new_bars
488,41.8844,-87.65403,new_bars
489,41.88199,-87.63976,new_bars
490,41.91064,-87.67471,new_bars
491,41.93988,-87.66334,new_bars
492,41.90677,-87.67159000000001,new_bars
493,41.8795,-87.64860999999999,new_bars
494,41.9383,-87.79356999999999,new_bars
495,41.94004,-87.65268,new_bars
496,41.89933,-87.69664,new_bars
497,41.86826,-87.62599,new_bars
498,41.906729999999996,-87.67154000000001,new_bars
499,41.88332,-87.65866,new_bars
500,41.891009999999994,-87.67198,new_bars
501,41.92387,-87.69915999999999,new_bars
502,41.91008,-87.63453,new_bars
503,41.95187,-87.677,new_bars
504,41.892340000000004,-87.62943,new_bars
505,41.88175,-87.65594,new_bars
506,41.94,-87.65555,new_bars
507,41.91822,-87.65289,new_bars
508,41.89017,-87.62824,new_bars
509,41.92512,-87.66263000000001,new_bars
510,41.92885,-87.78578,new_bars
511,41.928979999999996,-87.64874,new_bars
512,41.88459,-87.62326999999999,new_bars
513,41.87655,-87.64787,new_bars
514,41.92457,-87.71099,new_bars
515,41.931259999999995,-87.71123,new_bars
516,41.931340000000006,-87.753,new_bars
517,41.95187,-87.677,new_bars
518,41.91516,-87.76446999999999,new_bars
519,41.94124,-87.80700999999999,new_bars
520,41.89092,-87.63162,new_bars
521,41.878,-87.63441,new_bars
522,41.88459,-87.62326999999999,new_bars
523,41.9004,-87.68684,new_bars
524,41.88332,-87.65866,new_bars
525,41.945890000000006,-87.64959,new_bars
526,41.88332,-87.65866,new_bars
527,41.88332,-87.65866,new_bars
528,41.87934,-87.62841,new_bars
529,41.90401,-87.63161,new_bars
530,41.89225,-87.60951999999999,new_bars
531,41.89225,-87.60951999999999,new_bars
532,41.8831,-87.63033,new_bars
533,41.888740000000006,-87.62819,new_bars
534,41.92623,-87.65008,new_bars
535,41.90882,-87.67526,new_bars
536,41.94269,-87.6706,new_bars
537,41.8867,-87.62805,new_bars
538,41.89167,-87.62522,new_bars
539,41.894040000000004,-87.62339,new_bars
540,41.88666,-87.64952,new_bars
541,41.8867,-87.62805,new_bars
542,41.8867,-87.62805,new_bars
543,41.888740000000006,-87.62819,new_bars
544,41.89983,-87.6278,new_bars
545,41.886140000000005,-87.64518000000001,new_bars
546,41.888740000000006,-87.62819,new_bars
547,41.88581,-87.64509,new_bars
548,41.89313,-87.63056,new_bars
549,41.87657,-87.63296,new_bars
550,41.8882,-87.62097,new_bars
551,41.88332,-87.65866,new_bars
552,41.88912,-87.61775,new_bars
553,41.88332,-87.65866,new_bars
554,41.88238,-87.62423000000001,new_bars
555,41.887640000000005,-87.65234,new_bars
556,41.908609999999996,-87.67493,new_bars
557,41.88663,-87.65185,new_bars
558,41.89209,-87.61157,new_bars
559,41.90943,-87.67758,new_bars
560,41.89113,-87.66259000000001,new_bars
561,41.8862,-87.64116999999999,new_bars
562,41.909259999999996,-87.6348,new_bars
563,41.8862,-87.64116999999999,new_bars
564,41.908609999999996,-87.67493,new_bars
565,41.92492,-87.69735,new_bars
566,41.90153,-87.63153,new_bars
567,41.90318,-87.67088000000001,new_bars
568,41.88743,-87.68185,new_bars
569,41.94477,-87.65411,new_bars
570,41.9456,-87.65505999999999,new_bars
571,41.909259999999996,-87.6348,new_bars
572,41.89587,-87.62302,new_bars
573,41.89587,-87.62302,new_bars
574,41.89587,-87.62302,new_bars
575,41.89587,-87.62302,new_bars
576,41.89587,-87.62302,new_bars
577,41.89131,-87.64681,new_bars
578,41.88562,-87.6253,new_bars
579,41.89112,-87.62399,new_bars
580,41.8976,-87.62808000000001,new_bars
581,41.88581,-87.64509,new_bars
582,41.88581,-87.64509,new_bars
583,41.94003,-87.65389,new_bars
584,41.894090000000006,-87.6204,new_bars
585,41.90677,-87.67159000000001,new_bars
586,41.88947,-87.62651,new_bars
587,41.88428,-87.64865999999999,new_bars
588,41.9475,-87.69503,new_bars
589,41.88342,-87.62801999999999,new_bars
590,41.88915,-87.64428000000001,new_bars
591,41.895720000000004,-87.68207,new_bars
592,41.8976,-87.62808000000001,new_bars
593,41.904740000000004,-87.7018,new_bars
594,41.894059999999996,-87.63725,new_bars
595,41.88342,-87.62801999999999,new_bars
596,41.92885,-87.78578,new_bars
597,41.90677,-87.67159000000001,new_bars
598,41.891729999999995,-87.63173,new_bars
599,41.93079,-87.70999,new_bars
600,41.90521,-87.64817,new_bars
601,41.884479999999996,-87.64983000000001,new_bars
602,41.88539,-87.61899,new_bars
603,41.88195,-87.63662,new_bars
604,41.9345,-87.65378,new_bars
605,41.93141,-87.71148000000001,new_bars
606,41.937940000000005,-87.64448,new_bars
607,41.88539,-87.61899,new_bars
608,41.88195,-87.63662,new_bars
609,41.88539,-87.61899,new_bars
610,41.90878,-87.67474,new_bars
611,41.90878,-87.67474,new_bars
612,41.95225,-87.67667,new_bars
613,41.88695,-87.62987,new_bars
614,41.89112,-87.62399,new_bars
615,41.89112,-87.62399,new_bars
616,41.89112,-87.62399,new_bars
617,41.89112,-87.62399,new_bars
618,41.91435,-87.68338,new_bars
619,41.8881,-87.62518,new_bars
620,41.91429,-87.66282,new_bars
621,41.90336,-87.6734,new_bars
622,41.8881,-87.62518,new_bars
623,41.88655,-87.63114,new_bars
624,41.8881,-87.62518,new_bars
625,41.8881,-87.62518,new_bars
626,41.8881,-87.62518,new_bars
627,41.869859999999996,-87.64027,new_bars
628,41.93482,-87.71659,new_bars
629,41.88157,-87.65381,new_bars
630,41.92492,-87.70085999999999,new_bars
631,41.9283,-87.66356999999999,new_bars
632,41.8881,-87.62518,new_bars
633,41.8881,-87.62518,new_bars
634,41.88547,-87.65228,new_bars
635,41.90347,-87.63011999999999,new_bars
636,41.869859999999996,-87.64027,new_bars
637,41.869859999999996,-87.64027,new_bars
638,41.90336,-87.6734,new_bars
639,41.92245,-87.69686,new_bars
640,41.8808,-87.63148000000001,new_bars
641,41.88547,-87.65228,new_bars
642,41.9283,-87.66356999999999,new_bars
643,41.8881,-87.62518,new_bars
644,41.88171,-87.65807,new_bars
645,41.93145,-87.71155,new_bars
646,41.901340000000005,-87.71458,new_bars
647,41.88197,-87.64128000000001,new_bars
648,41.92135,-87.67367,new_bars
649,41.88655,-87.63114,new_bars
650,41.88543,-87.65496999999999,new_bars
651,41.88434,-87.6293,new_bars
652,41.92576,-87.70225,new_bars
653,41.92576,-87.70225,new_bars
654,41.91525,-87.63429000000001,new_bars
655,41.94936,-87.66393000000001,new_bars
656,41.93195,-87.70214,new_bars
657,41.88423,-87.65151999999999,new_bars
658,41.94262,-87.66375,new_bars
659,41.91525,-87.63429000000001,new_bars
660,41.92433,-87.69945,new_bars
661,41.91768,-87.68727,new_bars
662,41.88387,-87.64111,new_bars
663,41.89209,-87.61157,new_bars
664,41.89094,-87.63094,new_bars
665,41.91105,-87.63538,new_bars
666,41.934,-87.66095,new_bars
667,41.91028,-87.68285999999999,new_bars
668,41.91525,-87.63429000000001,new_bars
669,41.88685,-87.65223,new_bars
670,41.91525,-87.63429000000001,new_bars
671,41.890159999999995,-87.62885,new_bars
672,41.91525,-87.63429000000001,new_bars
673,41.91525,-87.63429000000001,new_bars
674,41.89159,-87.62586999999999,new_bars
675,41.89094,-87.63094,new_bars
676,41.91525,-87.63429000000001,new_bars
677,41.904740000000004,-87.7018,new_bars
678,41.88575,-87.61293,new_bars
679,41.88423,-87.65151999999999,new_bars
680,41.89094,-87.63094,new_bars
681,41.91729,-87.70737,new_bars
682,41.94303,-87.67084,new_bars
683,41.934,-87.66095,new_bars
684,41.88528,-87.67133000000001,new_bars
685,41.903259999999996,-87.6305,new_bars
686,41.93971,-87.66013000000001,new_bars
687,41.94679,-87.67595,new_bars
688,41.89966,-87.67579,new_bars
689,41.92184,-87.69747,new_bars
690,41.88093,-87.63219000000001,new_bars
691,41.89326,-87.62196,new_bars
692,41.885220000000004,-87.66060999999999,new_bars
693,41.911190000000005,-87.67849,new_bars
694,41.90359,-87.63432,new_bars
695,41.91676,-87.6483,new_bars
696,41.92517,-87.65915,new_bars
697,41.916109999999996,-87.68654000000001,new_bars
698,41.88807,-87.62969,new_bars
699,41.88301,-87.64915,new_bars
700,41.94355,-87.66892,new_bars
701,41.88093,-87.63219000000001,new_bars
702,41.86745,-87.63233000000001,new_bars
703,41.9433,-87.68065,new_bars
704,41.91676,-87.6483,new_bars
705,41.87999,-87.63069,new_bars
706,41.91028,-87.68285999999999,new_bars
707,41.92184,-87.69747,new_bars
708,41.90522,-87.63016999999999,new_bars
709,41.88071,-87.73635999999999,new_bars
710,41.91744,-87.67775999999999,new_bars
711,41.87999,-87.63069,new_bars
712,41.916109999999996,-87.68654000000001,new_bars
713,41.88093,-87.63219000000001,new_bars
714,41.91744,-87.67775999999999,new_bars
715,41.88513,-87.67564,new_bars
716,41.915929999999996,-87.68751999999999,new_bars
717,41.94307,-87.64922,new_bars
718,41.908559999999994,-87.64645,new_bars
719,41.88093,-87.63219000000001,new_bars
720,41.93905,-87.64451,new_bars
721,41.88093,-87.63219000000001,new_bars
722,41.86745,-87.63233000000001,new_bars
723,41.88675,-87.68521,new_bars
724,41.86922,-87.66249,new_bars
725,41.93137,-87.71141999999999,new_bars
726,41.88738,-87.66144,new_bars
727,41.88459,-87.62326999999999,new_bars
728,41.93258,-87.71293,new_bars
729,41.91393,-87.64851,new_bars
730,41.94599,-87.65571,new_bars
731,41.91393,-87.66369,new_bars
732,41.8846,-87.62754,new_bars
733,41.95019,-87.66396,new_bars
734,41.91426,-87.68369,new_bars
735,41.89498,-87.63401,new_bars
736,41.9319,-87.72711,new_bars
737,41.89213,-87.63423,new_bars
738,41.91105,-87.63538,new_bars
739,41.8891,-87.63157,new_bars
740,41.9319,-87.72711,new_bars
741,41.90522,-87.63016999999999,new_bars
742,41.92985,-87.64298000000001,new_bars
743,41.92511,-87.66311,new_bars
744,41.90522,-87.63016999999999,new_bars
745,41.88528,-87.67133000000001,new_bars
746,41.86775,-87.62598,new_bars
747,41.89799,-87.62809,new_bars
748,41.94331,-87.66405999999999,new_bars
749,41.94331,-87.66405999999999,new_bars
750,41.90336,-87.6734,new_bars
751,41.88671,-87.63163,new_bars
752,41.8838,-87.64286,new_bars
753,41.8838,-87.64286,new_bars
754,41.8848,-87.66225,new_bars
755,41.8838,-87.64286,new_bars
756,41.88374,-87.64286,new_bars
757,41.92187,-87.66496,new_bars
758,41.87895,-87.62625,new_bars
759,41.87895,-87.62625,new_bars
760,41.893229999999996,-87.63931,new_bars
761,41.92187,-87.66496,new_bars
762,41.93185,-87.71343,new_bars
763,41.89666,-87.6371,new_bars
764,41.89209,-87.61157,new_bars
765,41.909729999999996,-87.72936,new_bars
766,41.925779999999996,-87.80617,new_bars
767,41.88133,-87.62634,new_bars
768,41.88451,-87.64758,new_bars
769,41.89638,-87.65493000000001,new_bars
770,41.90587,-87.6286,new_bars
771,41.90587,-87.6286,new_bars
772,41.90587,-87.6286,new_bars
773,41.88528,-87.67133000000001,new_bars
774,41.86538,-87.62425,new_bars
775,41.87004,-87.62604,new_bars
776,41.869609999999994,-87.62427,new_bars
777,41.8694,-87.62484,new_bars
778,41.87437,-87.62438,new_bars
779,41.86554,-87.62425999999999,new_bars
780,41.87402,-87.62437,new_bars
781,41.90112,-87.63005,new_bars
782,41.86906,-87.62602,new_bars
783,41.86906,-87.62602,new_bars
784,41.87273,-87.6285,new_bars
785,41.87004,-87.62604,new_bars
786,41.873909999999995,-87.62584,new_bars
787,41.873909999999995,-87.62584,new_bars
788,41.873909999999995,-87.62584,new_bars
789,41.88585,-87.62509,new_bars
790,41.91771,-87.64834,new_bars
791,41.88426,-87.64983000000001,new_bars
792,41.95118,-87.65954,new_bars
793,41.891870000000004,-87.62295,new_bars
794,41.90542,-87.66991999999999,new_bars
795,41.883759999999995,-87.63257,new_bars
796,41.883759999999995,-87.63257,new_bars
797,41.87666,-87.62443,new_bars
798,41.89396,-87.62821,new_bars
799,41.93612,-87.66391,new_bars
800,41.91845,-87.63801,new_bars
801,41.89209,-87.61157,new_bars
802,41.88671,-87.63079,new_bars
803,41.88671,-87.63079,new_bars
804,41.89095,-87.61719000000001,new_bars
805,41.89095,-87.61719000000001,new_bars
806,41.909420000000004,-87.6762,new_bars
807,41.89598,-87.6558,new_bars
808,41.91597,-87.67004,new_bars
809,41.94458,-87.6541,new_bars
810,41.90616,-87.67065,new_bars
811,41.90609,-87.67054,new_bars
812,41.9252,-87.70085999999999,new_bars
813,41.91044,-87.67775999999999,new_bars
814,41.91044,-87.67775999999999,new_bars
815,41.91044,-87.67775999999999,new_bars
816,41.91044,-87.67775999999999,new_bars
817,41.91044,-87.67775999999999,new_bars
818,41.8977,-87.62346,new_bars
819,41.8977,-87.62346,new_bars
820,41.924890000000005,-87.6482,new_bars
821,41.893409999999996,-87.62601,new_bars
822,41.8843,-87.66077,new_bars
823,41.8843,-87.66077,new_bars
824,41.88452,-87.6473,new_bars
825,41.88528,-87.67125,new_bars
826,41.94664,-87.71495,new_bars
827,41.94664,-87.71495,new_bars
828,41.94664,-87.71495,new_bars
829,41.8989,-87.66722,new_bars
830,41.91072,-87.67822,new_bars
831,41.91072,-87.67822,new_bars
832,41.91072,-87.67822,new_bars
833,41.88157,-87.65313,new_bars
834,41.89243,-87.63394,new_bars
835,41.91825,-87.651,new_bars
836,41.91018,-87.67759000000001,new_bars
837,41.9061,-87.67101,new_bars
838,41.9251,-87.66408,new_bars
839,41.91786,-87.67775,new_bars
840,41.92453,-87.71414,new_bars
841,41.92453,-87.71414,new_bars
842,41.91044,-87.67775999999999,new_bars
843,41.88154,-87.65558,new_bars
844,41.93929,-87.69734,new_bars
845,41.89832,-87.62122,new_bars
846,41.889720000000004,-87.67062,new_bars
847,41.89098,-87.65612,new_bars
848,41.90918,-87.65091,new_bars
849,41.91072,-87.67822,new_bars
850,41.929840000000006,-87.75621,new_bars
851,41.935140000000004,-87.64661,new_bars
852,41.94018,-87.65397,new_bars
853,41.930609999999994,-87.70969000000001,new_bars
854,41.87417,-87.62437,new_bars
855,41.88026,-87.65724,new_bars
856,41.893409999999996,-87.62652,new_bars
857,41.89582,-87.67605,new_bars
858,41.92071,-87.69353000000001,new_bars
859,41.93203,-87.64452,new_bars
860,41.91098,-87.67817,new_bars
861,41.88426,-87.64983000000001,new_bars
862,41.89574,-87.63255,new_bars
863,41.89331,-87.66216999999999,new_bars
864,41.87815,-87.63964,new_bars
865,41.92071,-87.69353000000001,new_bars
866,41.89748,-87.62338000000001,new_bars
867,41.93638,-87.64487,new_bars
868,41.93843,-87.6542,new_bars
869,41.939820000000005,-87.65268,new_bars
870,41.935320000000004,-87.66351,new_bars
871,41.914359999999995,-87.64851999999999,new_bars
872,41.894009999999994,-87.62986,new_bars
873,41.894009999999994,-87.62986,new_bars
874,41.94254,-87.70268,new_bars
875,41.87815,-87.63964,new_bars
876,41.89342,-87.62575,new_bars
877,41.89342,-87.62575,new_bars
878,41.94555,-87.64905,new_bars
879,41.93974,-87.66852,new_bars
880,41.91035,-87.67863,new_bars
881,41.91035,-87.67863,new_bars
882,41.93711,-87.72081999999999,new_bars
883,41.93711,-87.72081999999999,new_bars
884,41.89246,-87.62210999999999,new_bars
885,41.92857,-87.69758,new_bars
886,41.92488,-87.70105,new_bars
887,41.87709,-87.64265,new_bars
888,41.87402,-87.67026,new_bars
889,41.92857,-87.69758,new_bars
890,41.93857,-87.75856,new_bars
891,41.92488,-87.70105,new_bars
892,41.93185,-87.71343,new_bars
893,41.88971,-87.67142,new_bars
894,41.89421,-87.62664000000001,new_bars
895,41.94514,-87.66339,new_bars
896,41.89098,-87.61565,new_bars
897,41.90878,-87.67474,new_bars
898,41.91043,-87.67394,new_bars
899,41.91043,-87.67394,new_bars
900,41.89267,-87.62286999999999,new_bars
901,41.89267,-87.62286999999999,new_bars
902,41.89267,-87.62286999999999,new_bars
903,41.90312,-87.66634,new_bars
904,41.89692,-87.62835,new_bars
905,41.940290000000005,-87.65397,new_bars
906,41.94732,-87.65642,new_bars
907,41.94732,-87.65642,new_bars
908,41.94732,-87.65642,new_bars
909,41.9481,-87.65706999999999,new_bars
910,41.90334,-87.67504,new_bars
911,41.88643,-87.64,new_bars
912,41.91018,-87.68997,new_bars
913,41.947359999999996,-87.65393,new_bars
914,41.88792,-87.63235999999999,new_bars
915,41.92624,-87.64966,new_bars
916,41.9117,-87.64844000000001,new_bars
917,41.90027,-87.66266999999999,new_bars
918,41.88525,-87.62463000000001,new_bars
919,41.88452,-87.64739,new_bars
920,41.88797,-87.63118,new_bars
921,41.88452,-87.64739,new_bars
922,41.883109999999995,-87.62795,new_bars
923,41.883109999999995,-87.62795,new_bars
924,41.883109999999995,-87.62795,new_bars
925,41.883109999999995,-87.62795,new_bars
926,41.91952,-87.69159,new_bars
927,41.883109999999995,-87.62795,new_bars
928,41.90537,-87.66985,new_bars
929,41.92212,-87.78336,new_bars
930,41.88991,-87.6315,new_bars
931,41.88754,-87.62441,new_bars
932,41.92859,-87.64242,new_bars
933,41.92859,-87.64242,new_bars
934,41.88689,-87.64882,new_bars
935,41.88689,-87.64882,new_bars
936,41.948890000000006,-87.65682,new_bars
937,41.948890000000006,-87.65682,new_bars
938,41.89348,-87.62193,new_bars
939,41.937979999999996,-87.68774,new_bars
940,41.88583,-87.62614,new_bars
941,41.947359999999996,-87.65401999999999,new_bars
942,41.89348,-87.62193,new_bars
943,41.89348,-87.62193,new_bars
944,41.88688,-87.6497,new_bars
945,41.89348,-87.62193,new_bars
946,41.89348,-87.62193,new_bars
947,41.89348,-87.62193,new_bars
948,41.885529999999996,-87.65199,new_bars
949,41.88459,-87.62909,new_bars
950,41.9252,-87.70085999999999,new_bars
951,41.925670000000004,-87.66984000000001,new_bars
952,41.90992,-87.63452,new_bars
953,41.88807,-87.63495999999999,new_bars
954,41.88807,-87.63495999999999,new_bars
955,41.88807,-87.63495999999999,new_bars
956,41.94365,-87.65382,new_bars
957,41.88432,-87.6424,new_bars
958,41.94925,-87.76702,new_bars
959,41.88459,-87.62909,new_bars
960,41.88265,-87.63547,new_bars
961,41.89583,-87.68937,new_bars
962,41.88265,-87.63547,new_bars
963,41.872170000000004,-87.62958,new_bars
964,41.91855,-87.64867,new_bars
965,41.88554,-87.64823,new_bars
966,41.89348,-87.62193,new_bars
967,41.8855,-87.61755,new_bars
968,41.8855,-87.61755,new_bars
969,41.93349,-87.66374,new_bars
970,41.93988,-87.64912,new_bars
971,41.89801,-87.68705,new_bars
972,41.925090000000004,-87.66425,new_bars
973,41.89594,-87.61887,new_bars
974,41.891659999999995,-87.62204,new_bars
975,41.94842,-87.65732,new_bars
976,41.94842,-87.65732,new_bars
977,41.94842,-87.65732,new_bars
978,41.88712,-87.65204,new_bars
979,41.89304,-87.6266,new_bars
980,41.88712,-87.65204,new_bars
981,41.88712,-87.65204,new_bars
982,41.89304,-87.6266,new_bars
983,41.88712,-87.65204,new_bars
984,41.88712,-87.65204,new_bars
985,41.88712,-87.65204,new_bars
986,41.89163,-87.63391999999999,new_bars
987,41.92375,-87.78988000000001,new_bars
988,41.8819,-87.63516,new_bars
989,41.87798,-87.63842,new_bars
990,41.94842,-87.65732,new_bars
991,41.87792,-87.66685,new_bars
992,41.9433,-87.67135999999999,new_bars
993,41.948890000000006,-87.65682,new_bars
994,41.88593,-87.67173000000001,new_bars
995,41.90302,-87.6808,new_bars
996,41.91729,-87.70737,new_bars
997,41.8751,-87.62907,new_bars
998,41.89586,-87.6732,new_bars
999,41.942240000000005,-87.70224,new_bars
1000,41.939840000000004,-87.65126,new_bars
1001,41.900890000000004,-87.62621999999999,new_bars
1002,41.89549,-87.63383,new_bars
1003,41.89549,-87.63383,new_bars
1004,41.89994,-87.6218,new_bars
1005,41.921079999999996,-87.69414,new_bars
1006,41.94925,-87.76702,new_bars
1007,41.92492,-87.69735,new_bars
1008,41.88858,-87.62942,new_bars
1009,41.88858,-87.62942,new_bars
1010,41.8976,-87.62808000000001,new_bars
1011,41.88858,-87.62942,new_bars
1012,41.89209,-87.70186,new_bars
1013,41.8705,-87.62735,new_bars
1014,41.8705,-87.62735,new_bars
1015,41.88712,-87.65204,new_bars
1016,41.89895,-87.62397,new_bars
1017,41.89895,-87.62397,new_bars
1018,41.92008,-87.67785,new_bars
1019,41.92008,-87.67785,new_bars
1020,41.945159999999994,-87.65504,new_bars
1021,41.93192,-87.71238000000001,new_bars
1022,41.90231,-87.6285,new_bars
1023,41.90231,-87.6285,new_bars
1024,41.90231,-87.6285,new_bars
1025,41.888020000000004,-87.62526,new_bars
1026,41.90231,-87.6285,new_bars
1027,41.90231,-87.6285,new_bars
1028,41.90231,-87.6285,new_bars
1029,41.90231,-87.6285,new_bars
1030,41.9385,-87.78028,new_bars
1031,41.865520000000004,-87.62565,new_bars
1032,41.89618,-87.66753,new_bars
1033,41.91015,-87.71324,new_bars
1034,41.89618,-87.66753,new_bars
1035,41.90231,-87.6285,new_bars
1036,41.89128,-87.61411,new_bars
1037,41.90231,-87.6285,new_bars
1038,41.89618,-87.66753,new_bars
1039,41.94801,-87.68815,new_bars
1040,41.91728,-87.70778,new_bars
1041,41.92585,-87.67884000000001,new_bars
1042,41.92585,-87.67884000000001,new_bars
1043,41.93739,-87.69274,new_bars
1044,41.92585,-87.67884000000001,new_bars
1045,41.92585,-87.67884000000001,new_bars
1046,41.92585,-87.67884000000001,new_bars
1047,41.948890000000006,-87.65682,new_bars
1048,41.88658,-87.66533000000001,new_bars
1049,41.88658,-87.66533000000001,new_bars
1050,41.92178,-87.66441,new_bars
1051,41.948679999999996,-87.65788,new_bars
1052,41.91803,-87.65133,new_bars
1053,41.88482,-87.65080999999999,new_bars
1054,41.93877,-87.69721,new_bars
1055,41.88203,-87.62926,new_bars
1056,41.88858,-87.62942,new_bars
1057,41.89613,-87.63138000000001,new_bars
1058,41.948679999999996,-87.65788,new_bars
1059,41.91046,-87.67193,new_bars
1060,41.91046,-87.67193,new_bars
1061,41.87216,-87.63076,new_bars
1062,41.948840000000004,-87.65801,new_bars
1063,41.883109999999995,-87.65571,new_bars
1064,41.885659999999994,-87.624,new_bars
1065,41.885090000000005,-87.63841,new_bars
1066,41.885090000000005,-87.63841,new_bars
1067,41.885090000000005,-87.63841,new_bars
1068,41.89209,-87.61157,new_bars
1069,41.94331,-87.67989,new_bars
1070,41.94331,-87.67989,new_bars
1071,41.88157,-87.65313,new_bars
1072,41.94065,-87.64426999999999,new_bars
1073,41.8728,-87.62434,new_bars
1074,41.8728,-87.62434,new_bars
1075,41.8728,-87.62434,new_bars
1076,41.8728,-87.62434,new_bars
1077,41.8728,-87.62434,new_bars
1078,41.8728,-87.62434,new_bars
1079,41.8728,-87.62434,new_bars
1080,41.948679999999996,-87.65788,new_bars
1081,41.947359999999996,-87.65393,new_bars
1082,41.945159999999994,-87.65504,new_bars
1083,41.91105,-87.63384,new_bars
1084,41.88678,-87.63974,new_bars
1085,41.88678,-87.63974,new_bars
1086,41.88678,-87.63974,new_bars
1087,41.88678,-87.63974,new_bars
1088,41.93848,-87.80662,new_bars
1089,41.92625,-87.63104,new_bars
1090,41.92625,-87.63104,new_bars
1091,41.88663,-87.61740999999999,new_bars
1092,41.89076,-87.62755,new_bars
1093,41.907540000000004,-87.6515,new_bars
1094,41.92625,-87.63104,new_bars
1095,41.88175,-87.65305,new_bars
1096,41.86647,-87.70939,new_bars
1097,41.885090000000005,-87.63841,new_bars
1098,41.89477,-87.63869,new_bars
1099,41.88745,-87.65234,new_bars
1100,41.89342,-87.62583000000001,new_bars
1101,41.91751,-87.70721999999999,new_bars
1102,41.88175,-87.65305,new_bars
1103,41.91751,-87.70721999999999,new_bars
1104,41.92625,-87.63104,new_bars
1105,41.88454,-87.64233,new_bars
1106,41.89312,-87.61758,new_bars
1107,41.88923,-87.63266999999999,new_bars
1108,41.88923,-87.63266999999999,new_bars
1109,41.92585,-87.67884000000001,new_bars
1110,41.89229,-87.63320999999999,new_bars
1111,41.9331,-87.65968000000001,new_bars
1112,41.9331,-87.65968000000001,new_bars
1113,41.89824,-87.62663,new_bars
1114,41.87743,-87.67177,new_bars
1115,41.945240000000005,-87.64927,new_bars
1116,41.88601,-87.62083,new_bars
1117,41.87406,-87.62614,new_bars
1118,41.91474,-87.66498,new_bars
1119,41.91538,-87.68474,new_bars
1120,41.940090000000005,-87.64931,new_bars
1121,41.93096,-87.69138000000001,new_bars
1122,41.86826,-87.62599,new_bars
1123,41.92499,-87.70099,new_bars
1124,41.92499,-87.70099,new_bars
1125,41.87146,-87.62737,new_bars
1126,41.89152,-87.63051999999999,new_bars
1127,41.882090000000005,-87.63039,new_bars
1128,41.900890000000004,-87.62621999999999,new_bars
1129,41.89152,-87.63051999999999,new_bars
1130,41.88033,-87.63658000000001,new_bars
1131,41.88033,-87.63658000000001,new_bars
1132,41.8811,-87.65187,new_bars
1133,41.89096,-87.64747,new_bars
1134,41.9402,-87.65071,new_bars
1135,41.938320000000004,-87.66698000000001,new_bars
1136,41.94104,-87.72639000000001,new_bars
1137,41.95035,-87.80733000000001,new_bars
1138,41.95035,-87.80733000000001,new_bars
1139,41.87417,-87.62437,new_bars
1140,41.87417,-87.62437,new_bars
1141,41.89257,-87.63395,new_bars
1142,41.92219,-87.69596999999999,new_bars
1143,41.92219,-87.69596999999999,new_bars
1144,41.8766,-87.63383,new_bars
1145,41.93805,-87.64419000000001,new_bars
1146,41.88531,-87.62640999999999,new_bars
1147,41.8766,-87.63383,new_bars
1148,41.907070000000004,-87.63444,new_bars
1149,41.91033,-87.6801,new_bars
1150,41.88092,-87.62493,new_bars
1151,41.88092,-87.62493,new_bars
1152,41.93928,-87.7212,new_bars
1153,41.87417,-87.62437,new_bars
1154,41.93928,-87.7212,new_bars
1155,41.93928,-87.7212,new_bars
1156,41.87417,-87.62437,new_bars
1157,41.95159,-87.67426999999999,new_bars
1158,41.940459999999995,-87.65427,new_bars
1159,41.94357,-87.64923,new_bars
1160,41.95159,-87.67426999999999,new_bars
1161,41.94357,-87.64923,new_bars
1162,41.91373,-87.66422,new_bars
1163,41.89594,-87.66896,new_bars
1164,41.902840000000005,-87.69454,new_bars
1165,41.8767,-87.62911,new_bars
1166,41.91095,-87.65316,new_bars
1167,41.942820000000005,-87.64921,new_bars
1168,41.917,-87.6646,new_bars
1169,41.93953,-87.66367,new_bars
1170,41.92674,-87.65079,new_bars
1171,41.87149,-87.62737,new_bars
1172,41.89423,-87.65252,new_bars
1173,41.94574,-87.65517,new_bars
1174,41.887190000000004,-87.64883,new_bars
1175,41.89099,-87.6153,new_bars
1176,41.9034,-87.67103,new_bars
1177,41.913140000000006,-87.68196,new_bars
1178,41.887190000000004,-87.64883,new_bars
1179,41.93347,-87.6456,new_bars
1180,41.9383,-87.79391,new_bars
1181,41.88678,-87.63974,new_bars
1182,41.94684,-87.6564,new_bars
1183,41.913140000000006,-87.68196,new_bars
1184,41.875890000000005,-87.63188000000001,new_bars
1185,41.936842799999994,-87.6997871,church
1186,41.909222799999995,-87.75294659999999,church
1187,41.927796,-87.6912388,church
1188,41.8904669,-87.63641009999999,church
1189,41.8968221,-87.6530588,church
1190,41.9124219,-87.6408955,church
1191,41.9157494,-87.6721113,church
1192,41.8746472,-87.6866106,church
1193,41.9449167,-87.8008652,church
1194,41.9261216,-87.7211071,church
1195,41.9282176,-87.64609890000001,church
1196,41.946324,-87.75146190000001,church
1197,41.8969643,-87.6839257,church
1198,41.9022297,-87.6369941,church
1199,41.8963841,-87.75356629999999,church
1200,41.9517025,-87.7108109,church
1201,41.90233370000001,-87.66299029999999,church
1202,41.8986101,-87.7364805,church
1203,41.946672,-87.73162669999999,church
1204,41.8991127,-87.68490279999999,church
1205,41.9432046,-87.7196046,church
1206,41.8992822,-87.6779691,church
1207,41.866779,-87.6476777,church
1208,41.8951239,-87.6838441,church
1209,41.8674178,-87.6547232,church
1210,41.941677500000004,-87.7611336,church
1211,41.93213239999999,-87.6693583,church
1212,41.8922127,-87.6603499,church
1213,41.9243207,-87.77045179999999,church
1214,41.8953701,-87.6651088,church
1215,41.8959604,-87.6276622,church
1216,41.909661799999995,-87.7182747,church
1217,41.911963,-87.691928,church
1218,41.9257992,-87.7483629,church
1219,41.921806,-87.68069609999999,church
1220,41.923620899999996,-87.6627777,church
1221,41.88328679999999,-87.6833522,church
1222,41.9009169,-87.6900269,church
1223,41.9526672,-87.78135019999999,church
1224,41.9157119,-87.7297885,church
1225,41.9214002,-87.7012557,church
1226,41.9178044,-87.6546777,church
1227,41.9221731,-87.65389870000001,church
1228,41.926716,-87.80151459999999,church
1229,41.8821979,-87.63121629999999,church
1230,41.892513799999996,-87.68718890000001,church
1231,41.9041436,-87.76989590000001,church
1232,41.9332565,-87.7186027,church
1233,41.922216799999994,-87.7762785,church
1234,41.8819864,-87.75361059999999,church
1235,41.8734724,-87.6604991,church
1236,41.8770011,-87.70404,church
1237,41.879430799999994,-87.64442259999998,church
1238,41.922658,-87.76038829999999,church
1239,41.9059235,-87.6622558,church
1240,41.8724544,-87.6580864,church
1241,41.9369047,-87.77443170000001,church
1242,41.9085484,-87.63593259999999,church
1243,41.906907700000005,-87.6947954,church
1244,41.946783399999994,-87.67182009999999,church
1245,41.924447799999996,-87.705141,church
1246,41.9087841,-87.6854186,church
1247,41.9358291,-87.6642999,church
1248,41.940341700000005,-87.6470368,church
1249,41.88927,-87.76571,library
1250,41.91272,-87.68059000000001,library
1251,41.89437,-87.70645999999999,library
1252,41.92111,-87.79724,library
1253,41.8763,-87.62819,library
1254,41.91033,-87.70543,library
1255,41.87934,-87.72556,library
1256,41.94031,-87.67076,library
1257,41.92559,-87.65811,library
1258,41.92505,-87.70339,library
1259,41.881190000000004,-87.67914,library
1260,41.94008,-87.64614,library
1261,41.90387,-87.63649000000001,library
1262,41.90943,-87.7688,library
1263,41.91004,-87.73393,library
1264,41.93878,-87.75449,library
1265,41.869279999999996,-87.65448,library
1266,41.89758,-87.62315,library
1267,41.936659999999996,-87.78589000000001,library
1268,41.89505,-87.74733,library
1269,41.89575,-87.66826999999999,library
1270,41.87725,-87.70523,school
1271,41.9373,-87.7271,school
1272,41.88232,-87.76531999999999,school
1273,41.89938,-87.69495,school
1274,41.92241,-87.68136,school
1275,41.95089,-87.71049000000001,school
1276,41.921690000000005,-87.77675,school
1277,41.88055,-87.64976999999999,school
1278,41.90677,-87.69436,school
1279,41.883359999999996,-87.66808,school
1280,41.86727,-87.71068000000001,school
1281,41.87786,-87.69874,school
1282,41.88732,-87.70206999999999,school
1283,41.90019,-87.66263000000001,school
1284,41.89528,-87.66448000000001,school
1285,41.915209999999995,-87.73013,school
1286,41.89243,-87.66086,school
1287,41.89536,-87.71805,school
1288,41.86582,-87.67611,school
1289,41.87276,-87.76334,school
1290,41.89255,-87.7078,school
1291,41.93748,-87.69959,school
1292,41.9078,-87.66407,school
1293,41.878809999999994,-87.6782,school
1294,41.882740000000005,-87.62634,school
1295,41.9078,-87.64556,school
1296,41.90034,-87.6899,school
1297,41.86933,-87.71165,school
1298,41.88173,-87.73378000000001,school
1299,41.91795,-87.78783,school
1300,41.88045,-87.74254,school
1301,41.938190000000006,-87.72714,school
1302,41.90157,-87.70685999999999,school
1303,41.89498,-87.76021999999999,school
1304,41.90285,-87.69601,school
1305,41.88305,-87.62773,school
1306,41.8908,-87.70205,school
1307,41.90224,-87.74880999999999,school
1308,41.89182,-87.74661,school
1309,41.88732,-87.70142,school
1310,41.92218,-87.75752,school
1311,41.938990000000004,-87.74113,school
1312,41.88732,-87.70272,school
1313,41.91727,-87.75968,school
1314,41.90688,-87.64558000000001,school
1315,41.87307,-87.62768,school
1316,41.92006,-87.76105,school
1317,41.901579999999996,-87.63538,school
1318,41.91167,-87.73524,school
1319,41.88998,-87.70733,school
1320,41.9398,-87.75417,school
1321,41.92792,-87.736,school
1322,41.94664,-87.69100999999999,school
1323,41.870940000000004,-87.6999,school
1324,41.878440000000005,-87.70805,school
1325,41.94636,-87.73561,school
1326,41.935629999999996,-87.78352,school
1327,41.91827,-87.64601,school
1328,41.898990000000005,-87.66748,school
1329,41.8786,-87.66423,school
1330,41.90263,-87.68691,school
1331,41.934129999999996,-87.65623000000001,school
1332,41.91604,-87.72174,school
1333,41.94506,-87.68104,school
1334,41.86783,-87.68042,school
1335,41.93251,-87.73939,school
1336,41.86781,-87.77042,school
1337,41.88532,-87.70585,school
1338,41.949529999999996,-87.68602,school
1339,41.95078,-87.66497,school
1340,41.93097,-87.69629,school
1341,41.94911,-87.79867,school
1342,41.883,-87.67068,school
1343,41.9176,-87.7827,school
1344,41.937940000000005,-87.66985,school
1345,41.91236,-87.66866,school
1346,41.897659999999995,-87.76561,school
1347,41.90379,-87.71793000000001,school
1348,41.95281,-87.65098,school
1349,41.866440000000004,-87.69526,school
1350,41.91799,-87.69456,school
1351,41.89671,-87.68894,school
1352,41.952040000000004,-87.70644,school
1353,41.899570000000004,-87.68194,school
1354,41.923320000000004,-87.70541,school
1355,41.91591,-87.67449,school
1356,41.885529999999996,-87.76659000000001,school
1357,41.87574,-87.7158,school
1358,41.93578,-87.74933,school
1359,41.9216,-87.75795,school
1360,41.87017,-87.70215999999999,school
1361,41.9066,-87.63551,school
1362,41.91762,-87.71689,school
1363,41.92283,-87.6929,school
1364,41.94876,-87.75712,school
1365,41.870740000000005,-87.71866999999999,school
1366,41.94522,-87.67087,school
1367,41.91482,-87.72393000000001,school
1368,41.94228,-87.65771,school
1369,41.89917,-87.75581,school
1370,41.878659999999996,-87.7358,school
1371,41.86687,-87.62861,school
1372,41.893609999999995,-87.7594,school
1373,41.87125,-87.65337,school
1374,41.93925,-87.67581,school
1375,41.90205,-87.64106,school
1376,41.9045,-87.71423,school
1377,41.90889,-87.66509,school
1378,41.9139,-87.63756,school
1379,41.90683,-87.75455,school
1380,41.92452,-87.6445,school
1381,41.94001,-87.70263,school
1382,41.91881,-87.74852,school
1383,41.93176,-87.7956,school
1384,41.91272,-87.78392,school
1385,41.90652,-87.71021999999999,school
1386,41.93419,-87.77717,school
1387,41.90825,-87.63983,school
1388,41.920609999999996,-87.75792,school
1389,41.879709999999996,-87.70809,school
1390,41.9232,-87.65729,school
1391,41.8743,-87.66098000000001,school
1392,41.92396,-87.76151,school
1393,41.89208,-87.68318000000001,school
1394,41.929990000000004,-87.71921999999999,school
1395,41.91251,-87.69694,school
1396,41.949,-87.65156999999999,school
1397,41.92091,-87.72189,school
1398,41.95008,-87.71683,school
1399,41.89181,-87.74794,school
1400,41.94164,-87.64456,school
1401,41.91395,-87.64599,school
1402,41.919579999999996,-87.73142,school
1403,41.90616,-87.72995,school
1404,41.906909999999996,-87.73244,school
1405,41.90014,-87.73125999999999,school
1406,41.89181,-87.66543,school
1407,41.8716,-87.68361999999999,school
1408,41.893240000000006,-87.7188,school
1409,41.92884,-87.66953000000001,school
1410,41.918490000000006,-87.6838,school
1411,41.94109,-87.71954000000001,school
1412,41.943020000000004,-87.76898,school
1413,41.91415,-87.79871999999999,school
1414,41.94168,-87.73218,school
1415,41.9304,-87.76119,school
1416,41.8791,-87.65942,school
1417,41.86535,-87.65345,school
1418,41.884879999999995,-87.75044,school
1419,41.91194,-87.71332,school
1420,41.87083,-87.73352,school
1421,41.8924,-87.67371999999999,school
1422,41.948570000000004,-87.77763,school
1423,41.8841,-87.73057,school
1424,41.86992,-87.72752,school
1425,41.90705,-87.67775999999999,school
1426,41.915040000000005,-87.70028,school
1427,41.90679,-87.76714,school
1428,41.872890000000005,-87.75332,school
1429,41.890370000000004,-87.76767,school
1430,41.943059999999996,-87.77819000000001,school
1431,41.90142,-87.63363000000001,school
1432,41.88295,-87.69919,school
1433,41.879870000000004,-87.68030999999999,school
1434,41.889179999999996,-87.70510999999999,school
1435,41.87381,-87.70224,school
1436,41.89782,-87.74673,school
1437,41.8788,-87.72466,school
1438,41.87912,-87.68696,school
1439,41.87359,-87.74928,school
1440,41.88357,-87.66948000000001,school
1441,41.90529,-87.68576,school
1442,41.93397,-87.70804,school
1443,41.88621,-87.71542,school
1444,41.94305,-87.77685,school
1445,41.90682,-87.68305,school
1446,41.87798,-87.7663,school
1447,41.89455,-87.72666,school
1448,41.941390000000006,-87.69076,school
1449,41.88321,-87.67764,school
1450,41.86698,-87.72724000000001,school
1451,41.88599,-87.76191999999999,school
1452,41.90291,-87.6737,school
1453,41.935790000000004,-87.68056,school
1454,41.89355,-87.6594,school
1455,41.92132,-87.76578,school
1456,41.888259999999995,-87.75542,school
1457,41.90511,-87.64484,school
1458,41.93493,-87.77013000000001,school
1459,41.94003,-87.72478000000001,school
1460,41.86858,-87.66497,school
1461,41.87695,-87.6833,school
1462,41.952490000000004,-87.72136,school
1463,41.866479999999996,-87.7066,school
1464,41.93943,-87.70521,school
1465,41.87467,-87.68784000000001,school
1466,41.90293,-87.68789,school
1467,41.92985,-87.64641,school
1468,41.89998,-87.6293,school
1469,41.95046,-87.73068,school
1470,41.93573,-87.7182,school
1471,41.893809999999995,-87.72661,school
1472,41.87632,-87.67414000000001,school
1473,41.92133,-87.69791,police
1474,41.9476,-87.65126,police
1475,41.917970000000004,-87.76512,police
1476,41.88015,-87.76861,police
1477,41.90316,-87.64359,police
1478,41.87355,-87.70546,police
1479,41.86955917,-87.74366353,PROSTITUTION
1480,41.86866942,-87.74301085,PROSTITUTION
1481,41.86887638,-87.74056743,PROSTITUTION
1482,41.86937577,-87.73843336,PROSTITUTION
1483,41.87001499,-87.73892676,PROSTITUTION
1484,41.8776081,-87.73782091,PROSTITUTION
1485,41.86626062,-87.71855276,PROSTITUTION
1486,41.88183106,-87.74411991,PROSTITUTION
1487,41.93955796,-87.67957988,PROSTITUTION
1488,41.8776081,-87.73782091,PROSTITUTION
1489,41.86958326,-87.73769713,PROSTITUTION
1490,41.87001499,-87.73892676,PROSTITUTION
1491,41.86956970000001,-87.74304295,PROSTITUTION
1492,41.86866942,-87.74301085,PROSTITUTION
1493,41.88057525,-87.73846903,PROSTITUTION
1494,41.86783295,-87.73621178,PROSTITUTION
1495,41.86866942,-87.74301085,PROSTITUTION
1496,41.87010833,-87.73893323,PROSTITUTION
1497,41.87959634,-87.73968255,PROSTITUTION
1498,41.86958326,-87.73769713,PROSTITUTION
1499,41.86716379,-87.71861019,PROSTITUTION
1500,41.93519391,-87.74595542,PROSTITUTION
1501,41.88088826,-87.74009288,PROSTITUTION
1502,41.87048098,-87.74307863,PROSTITUTION
1503,41.86866942,-87.74301085,PROSTITUTION
1504,41.9316883,-87.65140281,PROSTITUTION
1505,41.89055684,-87.71983667,PROSTITUTION
1506,41.86887638,-87.74056743,PROSTITUTION
1507,41.87809159,-87.74110284,PROSTITUTION
1508,41.86956970000001,-87.74304295,PROSTITUTION
1509,41.86946742,-87.73811309,PROSTITUTION
1510,41.86936346,-87.74242804,PROSTITUTION
1511,41.86866681,-87.74303658,PROSTITUTION
1512,41.86958326,-87.73769713,PROSTITUTION
1513,41.86956970000001,-87.74304295,PROSTITUTION
